x,y,R_std,y_hi,y_lo
0.005,20.674501001594756,7.495881724674498,28.170382726269253,13.178619276920259
0.05,20.631198118561652,7.461882713070319,28.093080831631973,13.169315405491332
0.1,20.630854250071735,7.45142673265094,28.082280982722676,13.179427517420795
0.5,9.96867206453871,7.908356422998031,17.87702848753674,2.0603156415406794
0.75,8.078382583828358,5.983301941646157,14.061684525474515,2.095080642182201
1.0,8.66528456068908,6.4543893950670235,15.119673955756104,2.2108951656220572
