x,y,R_std,y_hi,y_lo
0.001,5.8,0.39999999999999997,6.2,5.3999999999999995
0.005,5.8,0.39999999999999997,6.2,5.3999999999999995
0.01,5.8,0.39999999999999997,6.2,5.3999999999999995
0.03,-6.2,5.6000000000000005,-0.5999999999999996,-11.8
0.05,-10.6,2.244994432064365,-8.355005567935635,-12.844994432064365
0.1,-8.7,3.034798181098704,-5.665201818901295,-11.734798181098704
