x,y,R_std,y_hi,y_lo
0.005,5.6,1.0198039027185568,6.619803902718557,4.580196097281442
0.05,5.6,1.0198039027185568,6.619803902718557,4.580196097281442
0.1,5.6,1.0198039027185568,6.619803902718557,4.580196097281442
0.5,0.0,0.0,0.0,0.0
0.75,0.0,0.0,0.0,0.0
1.0,0.0,0.0,0.0,0.0
