x,y,R_std,y_hi,y_lo
0.005,7.3,0.45825756949558405,7.7582575694955835,6.841742430504416
0.05,6.8,0.8717797887081347,7.671779788708134,5.928220211291865
0.1,5.6,1.0198039027185568,6.619803902718557,4.580196097281442
0.5,5.6,1.0198039027185568,6.619803902718557,4.580196097281442
0.75,5.6,1.0198039027185568,6.619803902718557,4.580196097281442
1.0,5.6,1.0198039027185568,6.619803902718557,4.580196097281442
