x,y,R_std,y_hi,y_lo
0.005,20.771609501142404,8.941431726809377,29.71304122795178,11.830177774333027
0.05,22.8766176425997,8.406455431912335,31.283073074512036,14.470162210687366
0.1,13.655191626254076,8.446999570929195,22.102191197183274,5.208192055324881
0.5,5.82492327353753,4.292677948023962,10.117601221561491,1.5322453255135677
0.75,5.259062632510938,4.627463398758257,9.886526031269195,0.6315992337526808
1.0,5.163048362240694,6.0159238988235675,11.178972261064262,-0.8528755365828733
