x,y,R_std,y_hi,y_lo
0.005,20.733222210238516,9.114424860147372,29.84764707038589,11.618797350091144
0.05,19.403705915939778,10.072414093258171,29.47612000919795,9.331291822681607
0.1,16.285188380653413,8.964968328804261,25.250156709457674,7.320220051849152
0.5,21.491768223686034,0.9173324362888774,22.40910065997491,20.574435787397157
0.75,21.366887835702535,0.8336266150575355,22.20051445076007,20.533261220645
1.0,21.220221169036336,0.7483314773547929,21.968552646391128,20.471889691681543
