x,y,R_std,y_hi,y_lo
0.005,5.3,0.6403124237432849,5.9403124237432845,4.659687576256715
0.05,5.3,0.6403124237432849,5.9403124237432845,4.659687576256715
0.1,5.3,0.6403124237432849,5.9403124237432845,4.659687576256715
0.5,5.3,0.6403124237432849,5.9403124237432845,4.659687576256715
0.75,5.3,0.6403124237432849,5.9403124237432845,4.659687576256715
1.0,5.3,0.6403124237432849,5.9403124237432845,4.659687576256715
