x,y,R_std,y_hi,y_lo
0.005,18.221832290993753,8.528343761167749,26.7501760521615,9.693488529826004
0.05,14.668222122121346,8.852219060087654,23.520441182208998,5.816003062033692
0.1,10.264740394996412,7.823090201687841,18.087830596684253,2.441650193308571
0.5,9.071115550430793,6.4509161269211415,15.522031677351935,2.6201994235096517
0.75,9.071115550430793,6.4509161269211415,15.522031677351935,2.6201994235096517
1.0,9.071115550430793,6.4509161269211415,15.522031677351935,2.6201994235096517
