x,y,R_std,y_hi,y_lo
0.005,7.9,0.3,8.200000000000001,7.6000000000000005
0.05,6.0,0.8944271909999159,6.894427190999916,5.105572809000084
0.1,5.6,1.0198039027185568,6.619803902718557,4.580196097281442
0.5,0.0,0.0,0.0,0.0
0.75,0.0,0.0,0.0,0.0
1.0,0.0,0.0,0.0,0.0
