x,y,R_std,y_hi,y_lo
0.005,5.3,0.9,6.2,4.3999999999999995
0.05,5.3,0.9,6.2,4.3999999999999995
0.1,5.3,0.9,6.2,4.3999999999999995
0.5,5.3,0.9,6.2,4.3999999999999995
0.75,5.3,0.9,6.2,4.3999999999999995
1.0,5.3,0.9,6.2,4.3999999999999995
