x,y,R_std,y_hi,y_lo
0.001,1.5,2.6551836094703507,4.155183609470351,-1.1551836094703507
0.005,1.4,2.835489375751565,4.235489375751564,-1.435489375751565
0.01,0.3,2.6095976701399777,2.9095976701399775,-2.309597670139978
0.03,0.8,3.4292856398964493,4.22928563989645,-2.629285639896449
0.05,-6.2,6.20966987850401,0.009669878504009688,-12.40966987850401
0.1,-13.0,0.0,-13.0,-13.0
