x,y,R_std,y_hi,y_lo
0.001,191.9,7.4357245780085215,199.33572457800852,184.4642754219915
0.005,190.7,7.029224708315989,197.72922470831597,183.670775291684
0.01,194.4,6.32771680782255,200.72771680782256,188.07228319217745
0.03,200.0,0.0,200.0,200.0
0.05,200.0,0.0,200.0,200.0
0.1,200.0,0.0,200.0,200.0
