x,y,R_std,y_hi,y_lo
0.005,23.969139062160078,7.8691003334216845,31.838239395581763,16.100038728738394
0.05,22.827733035040406,7.235669609826031,30.063402644866436,15.592063425214375
0.1,22.820274657519512,6.557218388199662,29.377493045719174,16.26305626931985
0.5,17.861122221344168,6.162327959108883,24.02345018045305,11.698794262235285
0.75,17.004830652174512,7.6699059026725385,24.67473655484705,9.334924749501972
1.0,12.67674218458406,8.506947500221601,21.183689684805664,4.16979468436246
