x,y,R_std,y_hi,y_lo
0.001,200.0,0.0,200.0,200.0
0.005,200.0,0.0,200.0,200.0
0.01,200.0,0.0,200.0,200.0
0.03,200.0,0.0,200.0,200.0
0.05,200.0,0.0,200.0,200.0
0.1,33.7,7.925276020429825,41.62527602042983,25.774723979570176
