x,y,R_std,y_hi,y_lo
0.001,5.5,0.5,6.0,5.0
0.005,5.6,0.7999999999999999,6.3999999999999995,4.8
0.01,3.7,3.1,6.800000000000001,0.6000000000000001
0.03,-1.7,2.1,0.40000000000000013,-3.8
0.05,-9.8,2.4,-7.4,-12.200000000000001
0.1,-10.3,2.9342801502242417,-7.365719849775759,-13.234280150224242
