x,y,R_std,y_hi,y_lo
0.005,25.146482183519787,5.029776740883567,30.176258924403353,20.11670544263622
0.05,23.562205325048858,6.114103472234982,29.676308797283838,17.448101852813878
0.1,17.10285305572291,9.280187374426488,26.3830404301494,7.822665681296423
0.5,3.8266666666666667,1.3439411362770983,5.170607802943765,2.482725530389568
0.75,4.193333333333333,1.7360747551748903,5.929408088508223,2.4572585781584433
1.0,6.616666666666667,2.8394541729001372,9.456120839566804,3.77721249376653
