x,y,R_std,y_hi,y_lo
0.001,6.0,0.0,6.0,6.0
0.005,6.0,0.0,6.0,6.0
0.01,6.0,0.0,6.0,6.0
0.03,6.0,0.0,6.0,6.0
0.05,-3.3,1.3453624047073711,-1.9546375952926287,-4.645362404707371
0.1,-13.0,0.0,-13.0,-13.0
