x,y,R_std,y_hi,y_lo
0.001,-11.0,0.4472135954999579,-10.552786404500042,-11.447213595499958
0.005,-11.0,0.4472135954999579,-10.552786404500042,-11.447213595499958
0.01,-11.0,0.4472135954999579,-10.552786404500042,-11.447213595499958
0.03,-11.0,0.4472135954999579,-10.552786404500042,-11.447213595499958
0.05,-11.0,0.4472135954999579,-10.552786404500042,-11.447213595499958
0.1,-11.0,0.4472135954999579,-10.552786404500042,-11.447213595499958
