x,y,R_std,y_hi,y_lo
0.001,4.4,1.2806248474865698,5.68062484748657,3.1193751525134306
0.005,3.4,1.42828568570857,4.82828568570857,1.97171431429143
0.01,2.3,2.3259406699226015,4.625940669922601,-0.02594066992260169
0.03,-4.0,6.870225614927067,2.870225614927067,-10.870225614927067
0.05,-9.5,3.2015621187164243,-6.298437881283576,-12.701562118716424
0.1,-12.1,0.7000000000000001,-11.4,-12.799999999999999
