x,y,R_std,y_hi,y_lo
0.005,15.8900148202141,9.640517075519298,25.530531895733397,6.249497744694802
0.05,17.984682094782315,10.149899385237514,28.13458148001983,7.8347827095448
0.1,13.432664191064456,7.467577661871808,20.900241852936265,5.965086529192647
0.5,20.246852769102237,6.190201173804999,26.437053942907234,14.056651595297238
0.75,20.220186102435566,6.180486301593128,26.400672404028693,14.039699800842438
1.0,20.220186102435566,6.180486301593128,26.400672404028693,14.039699800842438
