x,y,R_std,y_hi,y_lo
0.005,6.5,1.2041594578792296,7.704159457879229,5.295840542120771
0.05,5.6,1.0198039027185568,6.619803902718557,4.580196097281442
0.1,5.6,1.0198039027185568,6.619803902718557,4.580196097281442
0.5,5.6,1.0198039027185568,6.619803902718557,4.580196097281442
0.75,5.6,1.0198039027185568,6.619803902718557,4.580196097281442
1.0,5.6,1.0198039027185568,6.619803902718557,4.580196097281442
