x,y,R_std,y_hi,y_lo
0.001,185.3,29.421250823172016,214.72125082317203,155.878749176828
0.005,177.6,33.81183224848958,211.4118322484896,143.7881677515104
0.01,187.0,24.511221919765646,211.51122191976566,162.48877808023434
0.03,155.9,51.50427166750346,207.40427166750345,104.39572833249655
0.05,176.3,44.405067278408666,220.70506727840868,131.89493272159135
0.1,186.4,25.827117531772686,212.2271175317727,160.5728824682273
