x,y,R_std,y_hi,y_lo
0.005,11.2064502783921,7.4901785741564035,18.696628852548503,3.716271704235697
0.05,11.2064502783921,7.4901785741564035,18.696628852548503,3.716271704235697
0.1,11.213116945058768,7.491160532268139,18.704277477326908,3.7219564127906297
0.5,6.907422642568761,5.862706631195912,12.770129273764674,1.0447160113728495
0.75,6.899178472472739,5.872676743950663,12.771855216423402,1.026501728522076
1.0,6.999183282299933,5.85088737053434,12.850070652834273,1.1482959117655929
