x,y,R_std,y_hi,y_lo
0.005,20.99846132941689,0.8351293572448094,21.8335906866617,20.16333197217208
0.05,20.961768223688882,0.787641818795595,21.749410042484477,20.174126404893286
0.1,21.153553974341293,0.7395192682302714,21.893073242571564,20.41403470611102
0.5,21.670221169014958,0.6427804186626164,22.313001587677576,21.02744075035234
0.75,20.076852769102224,6.131754396815469,26.208607165917694,13.945098372286754
1.0,17.31591519651837,8.120623384959615,25.436538581477986,9.195291811558757
