x,y,R_std,y_hi,y_lo
0.001,200.0,0.0,200.0,200.0
0.005,200.0,0.0,200.0,200.0
0.01,200.0,0.0,200.0,200.0
0.03,200.0,0.0,200.0,200.0
0.05,200.0,0.0,200.0,200.0
0.1,185.1,21.626141588364764,206.72614158836475,163.47385841163523
